,accuracy,precision,recall,f1,roc_auc,pr_auc,threshold,train_size,val_size,test_size,positive_rate_test,min_recall_constraint
logistic_regression,0.9993197149160452,0.6739130434782609,0.7251461988304093,0.6985915492957746,0.9985533838074568,0.7674080842142871,0.98,733975.0,157313.0,157287.0,0.0010871845734231056,0.75
random_forest,0.9999809265864312,1.0,0.9824561403508771,0.9911504424778761,0.9941273881301096,0.986437948705173,0.52,350000.0,157313.0,157287.0,0.0010871845734231056,0.75
xgboost,0.9999809265864312,1.0,0.9824561403508771,0.9911504424778761,0.9981088208525931,0.991035317737093,0.84,450000.0,157313.0,157287.0,0.0010871845734231056,0.75
