{
  "accuracy": 0.9993197149160452,
  "precision": 0.6739130434782609,
  "recall": 0.7251461988304093,
  "f1": 0.6985915492957746,
  "roc_auc": 0.9985533838074568,
  "pr_auc": 0.7674080842142871,
  "threshold": 0.98,
  "train_size": 733975,
  "val_size": 157313,
  "test_size": 157287,
  "positive_rate_test": 0.0010871845734231056
}