{
  "logistic_regression": {
    "accuracy": 0.9993197149160452,
    "precision": 0.6739130434782609,
    "recall": 0.7251461988304093,
    "f1": 0.6985915492957746,
    "roc_auc": 0.9985533838074568,
    "pr_auc": 0.7674080842142871,
    "threshold": 0.98,
    "train_size": 733975,
    "val_size": 157313,
    "test_size": 157287,
    "positive_rate_test": 0.0010871845734231056,
    "min_recall_constraint": 0.75
  },
  "random_forest": {
    "accuracy": 0.9999809265864312,
    "precision": 1.0,
    "recall": 0.9824561403508771,
    "f1": 0.9911504424778761,
    "roc_auc": 0.9941332131554309,
    "pr_auc": 0.9868035230369724,
    "threshold": 0.52,
    "train_size": 733975,
    "val_size": 157313,
    "test_size": 157287,
    "positive_rate_test": 0.0010871845734231056,
    "min_recall_constraint": 0.75
  },
  "xgboost": {
    "accuracy": 0.9999809265864312,
    "precision": 1.0,
    "recall": 0.9824561403508771,
    "f1": 0.9911504424778761,
    "roc_auc": 0.9981080019991934,
    "pr_auc": 0.9904465675396192,
    "threshold": 0.67,
    "train_size": 733975,
    "val_size": 157313,
    "test_size": 157287,
    "positive_rate_test": 0.0010871845734231056,
    "min_recall_constraint": 0.75
  },
  "lightgbm": {
    "accuracy": 0.9955876836610782,
    "precision": 0.19053254437869824,
    "recall": 0.9415204678362573,
    "f1": 0.3169291338582677,
    "roc_auc": 0.968582009433489,
    "pr_auc": 0.17945386836669383,
    "threshold": 0.05,
    "train_size": 733975,
    "val_size": 157313,
    "test_size": 157287,
    "positive_rate_test": 0.0010871845734231056,
    "min_recall_constraint": 0.75
  },
  "mlp": {
    "accuracy": 0.9996503207512382,
    "precision": 0.881578947368421,
    "recall": 0.783625730994152,
    "f1": 0.8297213622291022,
    "roc_auc": 0.993326233129945,
    "pr_auc": 0.869325307482627,
    "threshold": 0.22,
    "train_size": 200000,
    "val_size": 157313,
    "test_size": 157287,
    "positive_rate_test": 0.0010871845734231056,
    "min_recall_constraint": 0.75
  }
}